LEAVE THIS LINE HERE
44
HERR, nach dir verlange ich
HERR, nach dir verlange ich, Wohnung suche ich bei dir. 
In des Tempels Vorhof lass mich wohnen, öffne mir die Tür. 
Wie die Schwalbe fliegt ins Nest, wie die Lerch’ dem Himmel zu, 
so will ich nach Hause, heim in Gottes Haus, in Gottes Ruh.
Wer sich auf den Herrn lässt ein und sein Haus auf Erden baut; 
baut im Leben nicht allein, weil er so sehr auf Gott vertraut. 
Wer als Mensch das Rechte tut, den stärkt Gott mit Kraft und Mut. 
Und wer  Gott von Herzen liebt, dem kommt die Liebe selbst zugut’.
Schau, Gott, lieber Vater, schau des Gesalbten Antlitz an. 
Achte du auf mein Gebet, verzeih doch, was ich falsch getan. 
Nur ein Tag mit dir, HERR, zählt, tausend ohne dich sind nichts! 
Lass mich ein in deinen Vorhof,  in die Helle deines Lichts!