LEAVE THIS LINE HERE
61
Seinem Namen bring Lob und Preis
Gott und seinem heil’gen Namen, meine Seel, bring Lob und Preis,
nicht vergessend seine Güte, laut ihm Dank und Ehr’ erweis!
Er, der dir die Sünden nachlässt und von Krankheit dich befreit,
der dich vor Vernichtung rettet, dich behütet allezeit.
So weit, wie die Sonne wandert, unsre Sünden er verbannt.
Gleich dem Mitleid eines Vaters er für uns Erbarmen fand.
Wie’s von Anfang an gewesen Wird es sein für alle Zeit;
Bis zu unsren Kindeskindern Reicht seine Gerechtigkeit.
Doch nur, wenn dem Bund wir folgen Und treu gehn den Weg des HERRN,
Gerne ihm Gehorsam leisten Und auf seine Weisung hör’n.
Preist den Vater, ihr Geschöpfe, Die ihr folgt seinem Geheiß.
Bring auch du, oh meine Seele Gott dem Vater Lob und Preis!