LEAVE THIS LINE HERE
42
Preiset den HERRN mit Psalmenklang
Preiset den HERRN mit Psalmenklang, lasst euer Loblied hören. 
Lautstark klinge Zimbel und Gesang, um Jakobs Gott zu ehren. 
Blast die Trompet’ zum Paukenschall an den Sabbattagen, 
folgt dem Gebot, das Gott euch einst hat feierlich aufgetragen.
Das ist ein Zeugnis und Gebot, das er dem Volk gegeben, 
dass ein jeder ehre seinen Gott, halte das Wort vom Leben. 
Ich, euer Gott, ich führte euch aus Ägyptenlande, 
leitete euch zum Sinai, dort knüpften wir ew’ge Bande.
Darum, mein Volk, ich red zu dir, dich will ich jetzt ermahnen. 
Dienet keinem andern Gott als mir, trauet auf meinen Namen. 
Bin ich nicht Gott, der euch erhört? Was wolln Feindeshorden? 
Hättet ihr weiter mich geehrt, die Sieger wärt ihr geworden.
Israel, höre deinen Gott, er will gern Schuld vergeben. 
Er, dein Schöpfer, Retter aus der Not, hilft dir auch gern zu leben. 
Lass deine Wege, Israel; sie führn ins Verderben. 
Darum vertrau auf Gott, den HERRN, so wirst du das Leben erben.