LEAVE THIS LINE HERE
50
Wie gut ist’s, Gott zu danken (Sabbatlied)
Wie gut ist’s, Gott zu danken, sein Lied singt täglich neu, 
preist seine Lieb’ am Morgen, am Abend seine Treu’. 
Singt feierlich zum Flötenklang, die Harfe holt herbei, 
dass unsres Gottes Nähe in Ehrfurcht uns erfreu’.
Für das, was er geschaffen, dankt Gott, dem höchsten Herrn, 
nur die das nicht erkennen, die bleiben von ihm fern. 
Das Böse wuchert schnell wie Gras, vermehrt sich und gedeiht, 
doch dann wird es vernichtet, Gott bleibt in Ewigkeit.
Kraft gibt er den Gerechten, er sorgt für sie allzeit. 
Er hält in seinem Haus für sie Wohnungen bereit. 
So bringen sie, der Palme gleich, an Früchten mehr und mehr. 
Gott ist ihr Fels und Anker und ein gerechter Herr.