LEAVE THIS LINE HERE
29
Der HERR ist hochberühmt
Der HERR ist hochberühmt und groß in unsres Gottes Stadt, 
die auf dem heil’gen Berge liegt, den Gott bereitet hat. 
Im Norden ragt der Zionsberg, des großen Königs Stadt,  
in der als eine feste Burg sich Gott erwiesen hat. 
Als Könige in großer Zahl die Stadt mit Wollust sahn, wurd’ 
ihnen bald durch Wunder kund, wer Zions Schutzherr war. 
Und als sie sahn, was man bisher in Worten nur erklärt, 
da haben sie in Todesangst vom Land sich weggekehrt.
Umkreist den Berg, umwandelt ihn, erzählt von seinem Ruhm, 
und lobt den HERRN in seinem Haus; preist sein gewalt’ges Tun! 
Sein Bollwerk steht, bezeugt den Schutz, den er der heil’gen Stadt, 
dem ganzen Heidenvolk zum Trotz in Gnad’ verliehen hat!