LEAVE THIS LINE HERE
75
Ich späh bis zu den Hügeln fern
Ich späh bis zu den Hügeln fern, ob Hilf’ wird mir gebracht,
doch meine Hilfe kommt vom HERRN, der diese Welt gemacht.
Dein Wächter schläft und schlummert nicht, beschützt dich stets und wacht
darüber, dass dein Fuß nicht wankt, ist auf dein Wohl bedacht.
Dein treuer Hüter ist der HERR, dein Schutz und Schirm in Not!
Nicht durch die Sonn’, nicht durch den Mond, du wirst durch nichts bedroht.
Gott hält all Übel von dir fern, er schützt dich jederzeit,
er achtet auf dein Komm’n und Geh’n in alle Ewigkeit., ob Hilf’ wird mir gebracht,
doch meine Hilfe kommt vom HERRN, der diese Welt gemacht.
Dein Wächter schläft und schlummert nicht, beschützt dich stets und wacht
darüber, dass dein Fuß nicht wankt, ist auf dein Wohl bedacht.
Dein treuer Hüter ist der HERR, dein Schutz und Schirm in Not!
Nicht durch die Sonn’, nicht durch den Mond, du wirst durch nichts bedroht.
Gott hält all Übel von dir fern, er schützt dich jederzeit,
er achtet auf dein Komm’n und Geh’n in alle Ewigkeit.