LEAVE THIS LINE HERE
33
Es war kein Feind
Es war kein Feind, der mich geschmäht; das könnt ich wohl verstehn. 
Keiner, der hasst, hat sich erhöht; dem könnt ich leicht entgehn. 
Doch du warst es, vertrauter Freund, wir sahn wie Brüder aus; 
war’n im Gebet innig vereint, beide in Gottes Haus.
Sanft schmeichelt er mit seinem Mund, doch hat er Krieg im Sinn. 
So glatt wie Öl scheint, was er spricht, doch weist aufs Schwert es hin. 
Klag deine Not vor Gott, dem HERRN; denn er wird dich verstehn.  
Gott stürzt den Lästernden ins Grab, dem kann er nicht entgehn.
Lebend stürzt Gott sie in ihr Grab; sie müssen bald vergehn, 
denn man kann nichts als Lug und Trug in ihrer Wohnstatt sehn. 
Ich aber wend mich stets an Gott, er ist’s, der mich bewacht; 
er hört mich, wenn ich morgens fleh, mittags und in der Nacht.