LEAVE THIS LINE HERE
43
Stimmet dem HERRN ein Psalmlied an
Stimmet dem HERRN ein Psalmlied an, zu seiner Ehre singt! 
Schlaget die Pauken, stoßt ins Horn; Harfen und Zittern, klingt! 
Kommt die von Gott bestimmte Zeit, wolln wir das Fest begehn; 
Gott hat zur Satzung es erklärt, und es wird ewiglich bestehn.
Als in Ägypten Israel litt unter Fronarbeit, 
rief es den HERRN in Drangsal an; er hat das Volk befreit. 
Aus einer Donnerwolke drang dröhnend des HERRN Gesetz; 
aber das Volk gehorchte nicht, sondern hat oft sein Wort verletzt.
Drum sprach der HERR zu Israel: „Ich kenne keinen Zwang, 
folg, wenn du willst, dem eignen Rat, deinem verstockten Drang! 
Wolltest du mir gehorsam sein, auf meinen Wegen gehn, 
könnte kein Feind dich mehr bedrohn, nie würdest du mehr Mangel sehn.“.