LEAVE THIS LINE HERE
48
HERR, unser Gott, du warst und bist
HERR, unser Gott, du warst und bist und bleibst in Ewigkeit; 
du bist’s, der unsre Hoffnung ist in unsrer Pilgerzeit.
Wir pilgern hin zu deinem Reich, wir pilgern durch die Zeit; 
sie ist sehr kurz, wir laufen irr, führ uns in Ewigkeit!
Denn tausend Jahre Erdenzeit sind vor dir wie ein Tag, 
ein Atemzug der Ewigkeit, ein kurzer Flügelschlag.
Gott, der du immer warst und bist, leit uns an deiner Hand, 
und bring, wenn unsre Reise schließt, uns heim ins Vaterland.