LEAVE THIS LINE HERE
39
Gott ist in Juda wohlbekannt
Gott ist in Juda wohlbekannt; in Israel sein Nam’ ist groß. 
Er hat sein Zelt in Salem erbaut und seine Wohnung in Zions Schoß. 
Dort brach er Pfeile ohne Zahl, auch Schilde, Schwerter, jegliche Wehr; 
ruhmvoll bist du, o Israels Gott, besiegst den Feind von überall her. 
Mächtige, aller Waffen bar, sanken bald in den Todesschlaf 
und allen Helden fehlte die Kraft, nachdem dein schrecklich Urteil sie traf. 
Vor deinem Drohruf, Jakobs Gott, gleich sanken Ross und Wagen dahin; 
denn du bist schrecklich in deinem Zorn, wer kann bestehen vor deinem Grimm.
Vom Himmel her kam dein Gericht; die Welt erschrak und wurde still, 
als Gott der Herr zum Strafvollzug schritt, er, der Bedrückten Recht schaffen will. 
Drum gebet eure Gaben hin für Gott, der Ehrfurcht in euch erweckt, 
der Führer straft und Fürsten bezwingt und viele Prinzen furchtbar erschreckt.