LEAVE THIS LINE HERE
53
Bringt dem HERRN ein tosend Loblied dar
Kommt all herbei und bringt dem HERRN ein tosend Loblied dar,
ihm, der für uns der Fels der Rettung und des Heiles war.
Wir treten vor sein Angesicht mit freudigem Gesang:
lasst uns erheben froh die Stimm’ zu hellem Psalmenklang.
Denn Gott ist groß, ein großer König, jenseits aller Macht:
sein sind der Erde Tiefen und der mächt’gen Berge Pracht.
Ja, auch das weite Meer ist sein, so wie das trockne Land,
das einst als erstes ward geformt von seiner Schöpferhand.
Kommt all herbei und huldigt ihm, gebeugt hört seinen Ruf,
geht in die Knie vor unsrem Gott, er war es, der uns schuf.
Denn er, nur er allein ist Gott, wir sind sein Volk, wie gut,
dass wir, als Schafe seiner Weide, sind in seiner Hut!