LEAVE THIS LINE HERE
1
Glücklich und gesegnet
Glücklich und gesegnet wird, wer vom rechten Weg nicht irrt, 
nie es mit dem Sünder hält oder seiner Welt.
Was er schafft, gehet gut; doch der Mensch, der Böses tut, 
treibt umher wie Spreu im Wind, unstet, taub und blind.
Er, der nie auf Spötter hört, der sich ganz dem HERRN zukehrt, 
findet Freude im Gesetz, nicht im leer’n Geschwätz.
Was er schafft, gehet gut; doch der Mensch, der Böses tut, 
treibt umher wie Spreu im Wind, unstet, taub und blind.
Wie ein Baum am Wasserbach, dessen Frucht sich tausendfach, 
gut genährt und wohlbereit’t, mehrt zur rechten Zeit!
Was er schafft, gehet gut; doch der Mensch, der Böses tut, 
treibt umher wie Spreu im Wind, unstet, taub und blind.