LEAVE THIS LINE HERE
72
HERR, ich lieb dein Gesetz
HERR, ich lieb dein Gesetz, täglich denk ich daran,
dein Gebot macht mich klüger als den weisesten Mann.
Deine Zeugnisse, HERR, bringen Weisheit mir bei,
dass ich deinen Befehlen immer untertan sei.
HERR, ich lieb dein Gesetz, ich bewahre dein Wort;
von dem bösen Weg lenke meine Schritte ich fort.
HERR, ich wich nicht davon, worin du mich belehrst,
von den göttlichen Rechten, welche du mir erklärst.
HERR, ich lieb dein Gesetz, es ist süß meinem Mund;
jeden Lügenpfad hass ich; du tust Weisheit mir kund.
Deine Worte sind Licht, sie erhellen den Weg;
eine Leuchte des Fußes sind sie auf meinem Steg.