LEAVE THIS LINE HERE
46
Wie lang noch, HERR, lässt du uns allein
Wie lang noch, HERR, lässt du uns allein? 
Wann wird dein Zorn erloschen denn sein? 
Schöpfer, mein Leben währet nicht lang, 
es ist vergänglich, mir ist so bang.
Wo lebt ein Mensch, dem nie droht der Tod? 
Wer kann entfliehn dem Grab, o mein Gott? 
Hältst du auch uns die Gnade bereit, 
die David du verbürgt seinerzeit?
HERR, denk daran, dein Knecht leidet Schmach, 
die Welt bereitet ihm Ungemach 
durch deine Feinde, mit ihrem Spott. 
Schütz die Erwählten, ewiger Gott.