LEAVE THIS LINE HERE
73
Wie mein Herz, HERR, dein Wort liebt
Wie mein Herz, HERR, dein Wort liebt, seine Wahrheit Freud mir gibt.
Ich befolg es mit Bedacht, was immer Mut mir macht.
Nichts kann mich so süß betör’n, als auf dein Wort, HERR, zu hör’n.
Sicher führt dein wahres Licht, falschen Wegen folg ich nicht!
Dein Gebot, HERR, jederzeit wahre Weisheit mir verleiht.
Deine Weisung ist mehr wert, als was man uns sonst lehrt.
Nichts kann mich so süß betör’n, als auf dein Wort, HERR, zu hör’n.
Sicher führt dein wahres Licht, falschen Wegen folg ich nicht!
Mein Herz stets dein Wort bedenkt, das zum guten Pfad mich lenkt.
Vom Gesetz, von dir geführt, hab ich mich nicht verirrt!
Nichts kann mich so süß betör’n, als auf dein Wort, HERR, zu hör’n.
Sicher führt dein wahres Licht, falschen Wegen folg ich nicht!
Groß die Wege deiner Macht, davon sing ich Tag und Nacht.
Furcht vor deinem Wort ich spür, ich trag es stets in mir!<
Nichts kann mich so süß betör’n, als auf dein Wort, HERR, zu hör’n.
Sicher führt dein wahres Licht, falschen Wegen folg ich nicht!