LEAVE THIS LINE HERE
59
Singend kommt herbei
Singend kommt herbei, ihr Leute, dass es froh und festlich klingt, 
dienet eurem HERRN voll Freude, wenn vereint sein Lob ihr singt!
Kommt, um Dank ihm darzubringen, kommt vor Gott mit Lobgesang.
Lasst das Jubellied  erklingen, preist den HERRN ein Leben lang.
Singend kommt herbei in Eintracht, Völker all mit frohem Ruf,
es ist unsres Gottes Allmacht, die uns alle einst erschuf.
Laut solln klingen unsre Lieder, wenn wir preisen ihn und ehr’n.
Singend kommet, Schwestern, Brüder, und lasst eure Stimmen hör’n!
Immer währet seine Treue, seine Gnad’ er ewig gibt.
Gott, der Vater, stets aufs Neue uns in seiner Güte liebt.
Er erschuf uns als die Seinen, seine Schafe hör’n auf ihn.
Singend wollen wir vereinen uns zu frohen Melodien.