LEAVE THIS LINE HERE
38
Von meiner frühen Jugend an 
Von meiner frühen Jugend an hast du, HERR, mich belehrt. 
Seither hab ich dein Wunderwerk und auch dein Wort geehrt. 
Jedoch, mein HERR, verlass mich nicht, wenn’s Greisentum beginnt, 
dass ich von deiner Tat bericht’ dem Kind und Kindeskind.
O Gott, deine Gerechtigkeit reicht bis in Himmelshöhn. 
Du, der solch große Werke tut, wer kann vor dir bestehn? 
Gott, deine Rute traf uns schwer; wir warn in großer Not. 
Doch neues Leben gibst du uns, erlöst vom ew’gen Tod.
Du hebst mich aus der Erde Grab und gibst mir deine Macht, 
formst mich aus deinem eignen Geist, geschmückt mit deiner Pracht.  
Oh, ich will deine Wahrheit preisen, HERR, mit Psalmgesang. 
Du Heiliger in Israel, dir sag ich Lob und Dank.