LEAVE THIS LINE HERE
65
O preist den HERRN, denn er ist gut
O preist den HERRN, denn er ist gut, lang währt sein Erbarmen schon.
Uns  den Erlösten schenkt er Mut, keine Feinde jetzt mehr drohn.
Aus Gefangenschaft, aus Feindes Macht hatte er sein Volk befreit,
hat von fernem Land sie zurückgebracht zu der Heimat Fried’ und Freud.
In Weh und Ach und Hungersnot  zogen sie durch ödes Tal.
Verzweifelt flehten sie zu Gott; ihn erbarmte ihre Qual.
Sodann ebnete er ihren Pfad, er selbst lenkte nun die Schar,
und er führte sie zu der mächt’gen  Stadt, die nun ihre Heimat war.
Ihr Menschenkinder preist den HERRN für die Gnad’, die er  erwies.
Die Wunder Gottes sind nicht fern, die er euch schon wissen ließ!
Und die Seele, die zu ihm gewandt, keine andre Sehnsucht hat.
Dem, der hungert, gibt er mit voller Hand, wenn er fleht um seine Gnad’!