LEAVE THIS LINE HERE
71
Welch Licht die Jugend so sicher führt
Welch Licht die Jugend so sicher führt,
dass sie ihr Ziel erreichen wird?
Stets sollen sie auf dein Wort, o HERR, baun
und deiner Weisheit sich an vertraun.
Dich, HERR, zu finden gab ich mir Müh’,
ach, möge sich dies ändern nie.
Gib, dass ich die Sünde immer vermeid,
und dein Wort achte zu jeder Zeit.
HERR, leg mir deine Weisungen dar,
dein Spruch ist stets gerecht und klar,
das, was du bezeugt hast, gilt immerdar,
denn wertvoll ist es, ja unschätzbar!
Dein Weg und dein Gebot sind mir Pflicht,
in Ehrfurcht ich mich danach richt.
Mein Herz, es ist gern für dein Wort bereit
und deine Weisung gilt allezeit.