LEAVE THIS LINE HERE
36
Freut euch, lobsingt und preiset Gott
Freut euch, lobsingt und preiset Gott, alle Lande lobt den HERRN, 
und euer Lied zu seinem Ruhm soll nur seinen Namen ehrn: 
„Ehrfurcht gebietend ist dein Werk, sind deine Taten all. 
Dir unterwirft sich jeder Feind, dich ehrt man überall.“
Kommt, sehet Gottes Wunderwerk,  seine Ruhmestaten ehrt. 
Er hat das Rote Meer geteilt, sein Volk hat’s zu Fuß durchquert. 
Wir alle freun uns seiner Macht, ewig bleibt sie bestehn. 
Auf allen Völkern ruht sein Blick, kein’s soll sich selbst erhöhn.  
Ihr Völker, lobet alle Gott und verkündet seinen Ruhm, 
predigt von Gott, der alle liebt, lehrt sein Evangelium. 
Obwohl er auch geprüft uns hat,  sicher war sein Geleit. 
Er hat uns aus Gefangenschaft mit starker Hand befreit.
So tret ich hin vor meinen Gott, und ich klage ihm mein Leid, 
wie ich’s getan mit eigner Zung’ vormals in bedrängter Zeit. 
Ihr Gottesfürcht’gen kommt und hört, alle, die ihn verehrn, 
lasst euch von mir all das, was Gott für mich getan, erklärn.
Mit lauter Stimm’ rief ich zu Gott, hab mit Lobpreis ihn verehrt; hätt’ 
Böses ich im Sinn gehabt, hätt’ er niemals mich erhört. 
Er aber schenkte mir Gehör, ich sag ihm Dank dafür, 
nichts hat behindert mein Gebet, nichts seine Lieb’ zu mir.