LEAVE THIS LINE HERE
74
Ich hasse Unbeständigkeit
Ich hasse Unbeständigkeit und liebe dein Gesetz.
Du bist mir Schutz und Sicherheit; dein Wort ich nicht verletz’.
All, die ihr übel seid im Kern, trennt euch von meinem Weg.
Nur die Gesetze unsres HERRN ich stets zu halten pfleg.
HERR, stärke und erhalte mich, wie du mir zugesagt,
damit ich leb in Zuversicht und bleibe unverzagt!
Oh, stärke mich und hilf du mir, dass ich Errettung find;
damit die Satzungen von dir mir stets vor Augen sind.
Und wer den rechten Weg verlässt, des Tun ist gar nicht klug,
kann nicht bestehn, er handelt falsch, es ist nur Lug und Trug.
Du schaffst die Bösen von dir fort, das haben wir erkannt.
Wir wandeln gern auf deinem Weg, nimm uns bei deiner Hand.