LEAVE THIS LINE HERE
86
Lobt den HERRN, lobpreist ihn dort oben
Lobt den HERRN, lobpreist ihn dort oben, jubelt ihm zu in himmlischen Höhn.
Himmels Heerscharn solln ihn loben, die Gestirne strahlen schön.
Lobt den HERREN, Sonn’, Mond und Sterne, preist ihn, ihr Wolken, Meere und Seen.
Schöpfer er und HERR all dessen hält im Zaum die Welt seitdem.
Lobt den HERRN, was lebt auf der Erde, was, der es schuf, einst sorgsam bedacht,
Vieh und Wildtier, Fisch und Vögel, und was sonst er noch gemacht.
Lobt den HERRN, ihr Berge und Täler, einstmals geschaffen nur durch sein  Wort.
Jungen, Mädchen, Kinder, Greise, lobt den HERREN  immerfort!
Lobt den HERRN, ob Prinz oder Richter,  ob Diener ihr, ob König ihr seid!
Lobt den Namen des Erhab’nen, kündet seine Herrlichkeit!
Lobt den HERRN, ihr Heiligen alle, weil er sein Volk zur  Stärke erhob.
Dafür preist ihn, Israels Kinder, halleluja! Singt sein Lob!








