LEAVE THIS LINE HERE
40
HERR, du Hirte Israels
HERR, du Hirte Israels, hör unser Flehn, 
der du Josef hütest wie Schaf’ auf Bergeshöhn; 
über Cherubinen thronst du voller Pracht; 
zeig dein strahlend Angesicht und deine Macht 
Ephraims, Manasses und Benjamins Haus; 
komm, o HERR, und hilf uns, richt uns wieder auf!
HERR, wie lang wirst du uns dein Antlitz entziehn? 
Wann wirst du nicht zürnen mehr, wenn wir zu dir flehn? 
Du hast uns mit Tränenbrot reichlich bedacht, 
hast aus bittren Zähren den Trunk uns gemacht. 
Sei uns wieder gnädig; wend dein Angesicht; 
schenk uns wieder Leben im göttlichen Licht!
Du hast uns zum Zank unsrer Nachbarn gemacht, 
und von unsern Feinden hat jeder uns verlacht. 
HERR und Gott der Heerscharen, Rettung gewähr! 
Lass dein Antlitz leuchten, stell uns wieder her! 
Lass uns nicht mehr wandern in Schand’ und in Scham; 
gib dem Weinstock Wurzeln, pflanz ihn wieder an!