LEAVE THIS LINE HERE
31
HERR, nach deiner großen Güte
HERR, nach deiner großen Güte und Barmherzigkeit 
sei mir gnädig, nimm von mir Ungerechtigkeit! 
Wasch mich rein von meiner Schuld, ich kenne mein Vergehn 
und die Sünden, welche mir stets vor Augen stehn. 
Gegen dich hab ich gesündigt, gegen dich allein. 
Du hast Recht mit deinem Wort, bleibst beim Richten rein. 
Schaff in mir ein reines Herz, HERR, und verleihe mir 
einen neu’n gewissen Geist, standhaft für und für! 
Oh, mein Gott, verwirf mich nicht von deinem Angesicht, 
und des heil’gen Geistes Licht, HERR, versag mir nicht! 
Gib, dass ich mit deiner Hilfe Freude find und Ruh, 
und mit einem frohen Geist deinen Willen tu!
Blut’ge Opfer magst du nicht, sonst gäbe ich sie dir. 
Statt Gehorsam willst du nicht Lamm und Bock und Stier. 
Opfer, die dir wohlgefalln, sind ein ergebner Geist 
und ein Herz, das tief bereut; du ihm gern verzeihst.