LEAVE THIS LINE HERE
34
Hör meinen Schrei, o großer Gott
Hör meinen Schrei, o großer Gott, und merk auf mein Gebet. 
Vom End’ der Erd’, in Angst und Not, hab ich zu dir gefleht. 
Auf hohen Felsen, HERR, mich führ, du meine Zuversicht! 
Gib Zuflucht vor den Feinden mir, o Gott, vergiss mich nicht!
In deinem Zelte werde ich für ewig sicher sein. 
Denn du, o Gott, erhörest mich, machst mich von Sünden rein. 
Du wirst das ew’ge Erbe geben dem, der stets dich ehrt. 
Dem König schenke langes Leben, wenn er sich bewährt.
Bedrängt schrie ich dereinst zu Gott und er hat mich erhört, 
half mir, als ich vom Feind bedroht, hat Zuflucht mir gewährt. 
Von Herzen seinen Namen preisen will ich immerdar, 
und dankbar ihm mein Lob erweisen jeden Tag im Jahr.