LEAVE THIS LINE HERE
57
Unser HERR ist König auf dem Thron
Unser HERR ist König auf dem Thron, alle Macht gebühret ihm.
Er regiert die Welt von Zion aus, thronend zwischen Cherubim.
Ja, er herrscht mit Unparteilichkeit über alle Kreatur;
darum ehret ihn mit Dankbarkeit, folget seinem Worte nur!
Zu der Zeit, als Mose Gott anrief, schloss auch Aaron sich ihm an.
Und das gläub’ge Volk und Samuel riefen alle, Mann für Mann.
Und der HERR, der ihnen gnädig war, hat den Klageruf gehört;
denn er sprach aus einer Wolkensäul’, und sie haben ihn geehrt.
O du Ew’ger, du hast sie erhört und verziehen ihre Schuld;
wohl hast du die Missetat bestraft, doch mit göttlicher Geduld.
Preiset hoch den HERRN, den Ewigen, betet ihn auf Zion an!
Fallet vor ihm nieder allesamt: Gott, der uns erretten kann!