LEAVE THIS LINE HERE
45
Wie schön sind deine Stätten
Wie schön sind deine Stätten, HERR der Heerscharn, ew’ger Gott; 
ich lechz’ nach deinem Hofe, o HERR, Gott Zebaoth! 
Jeder Sperling hat sein Schlupfloch, jede Schwalbe ihr Genist, 
aber ich such meine Wohnung, wo du, mein Schöpfer, bist.
Wie glücklich sind die Menschen, die auf deine Stärke baun, 
die deine Wege gehen und die auf dich vertraun! 
Wenn durchs trockne Tal sie wandern, werden sie bald Quellen sehn,
bis sie, stets erneut gekräftigt, vor dir in Zion stehn.
HERR, Gott der Heerscharn, bitte, o vernimm doch mein Gebet. 
Neig dich zu deinem Volke, das deinen Schutz erfleht! 
Denn ein Tag mit dir ist besser noch als tausend ohne dich. 
HERR, so zeig mir deine Wege; mein Gott erhöre mich.