LEAVE THIS LINE HERE
60
O mein HERR und Gott, erbarm dich
O mein HERR und Gott, erbarm dich; verbirg dein Antlitz nicht!
So ich rufe, HERR, erhör mich, wenn die Zeit der Not anbricht.
Die Tage fliehn wie Rauch schier, wie Brand glüht mein Gebein;
mein Herz verdorrt wie Kraut mir, nehme Nahrung nicht ein.
Wie ein durst’ger Vogel bin ich, ein Kauz an ödem Ort;
weder Rast noch Ruhe find ich und ich klag in einem fort.
Die Feinde, die mich hassen, schmähn ohne Unterlass;
ich fühle mich verlassen und verdorre wie Gras.
Aber du, HERR, bleibest ewig und stets gedenkt man dein.
Bald schon bist du Zion gnädig und beendest alle Pein.
Die Völker werden trauen auf dich, o HERR, dereinst;
denn du wirst Zion bauen, wenn in Pracht du erscheinst.
Die Verlass’nen, HERR, die hörst du und der Gefangnen Flehn;
durch dein Wort, o HERR, erklärst du, dass ein Volk dir soll erstehn.
Sie werden dann verkünden in Zion deinen Ruhm,
wo Völker sich einfinden, deinen Willen zu tun.