LEAVE THIS LINE HERE
32
Hilf mir, o Gott
Hilf mir, o Gott, durch deinen Namen, HERR, ich brauche dich. 
Verschaff mir Recht durch deine Stärke; HERR, erhöre mich! 
Viel Fremdlinge erheben sich und streiten ohne Grund; Tyrannen, 
die dich, HERR, verleugnen, drohen deinem Bund!
Ich weiß, dass Gott mein Helfer ist, drum bin ich nie verzagt. 
Auf meine Feinde fällt zurück die Bosheit, die sie plagt. 
Nach deiner Treu’ vertilge sie; erhalt mich wohlgemut! 
Um deiner Wahrheit willen, HERR, lösch aus des Feindes Wut!  
So bring ich freudig Gaben dar in treuer Aufopf’rung. 
HERR, deinen Namen preise ich und sing in Huldigung 
der Allmacht, die mich freigemacht aus meiner Feinde Hand, 
und mich mit Sicherheit bedacht in seines Volkes Land.