LEAVE THIS LINE HERE
28
Gott, der uns Zuflucht und Kraft geschenkt
Gott, der uns Zuflucht und Kraft geschenkt, und auch in Not stets an uns denkt. 
Erde zittert und bebt und bricht, Berge sinken, wir wanken nicht! 
Wasserwogen, sie schäumen auf, Fluss und Strom ändern ihren Lauf. 
Gott ist mit uns, ja wir halten durch! Er ist uns eine feste Burg.
Des Stromes Arme, sie solln erfreun die Gottesstadt, des Höchsten Heim. 
Gott, der aus ihrer Mitte spricht, schützet sie und sie wanket nicht. 
Feindesmacht wütet zornentbrannt, Donner grollen, die Erde schwankt. 
Gott ist mit uns, ja wir halten durch! Er ist uns eine feste Burg.
Seht, die Zerstörungen in dem Land sind Taten böser Menschenhand. 
Gott, der  Kriegen ein Ende setzt und den Feinden den Sieg nicht lässt. 
Er, der alle Nationen führt, Heidenvölker er auch regiert. 
Gott ist mit uns, ja wir halten durch! Er ist uns eine feste Burg.