LEAVE THIS LINE HERE
66
Dankt dem HERRN, denn er ist freundlich
Dankt dem HERRN, denn er ist freundlich; seine Güte währt ewiglich!
Preist ihn alle, die ihr erlöst seid aus der Drangsal und aus dem Leid!
Dankt dem HERRN, der euch kommen lässt aus allen Landen, von Nord und von West!
Ihr wart die Verirrten, Kranken, die Gefangnen in großer Not.
Doch der HERR, er hat euch geholfen, hat befreit euch vom sichern Tod.
Darum dankt ihm, ein Loblied singt, weil er an euch viele Wunder vollbringt.
Äcker macht der HERR zur Wüste, wenn verderbt die Bewohner sind.
Doch ganz anders ergeht’s den Schwachen, deren sich unser HERR annimmt.
Lernet drum, die ihr dies gesehn, die Gnadengaben des HERRN zu verstehn!