LEAVE THIS LINE HERE
37
mein Gott, verlass mich nicht
Bei dir, HERR, such ich meine Zuflucht, werd nie zu Schanden werden. 
In deiner Rechtlichkeit, o HERR, gib mir deine Kraft auf Erden! 
Sei mir ein starker Hort, mein Gott, ich brauche deine Zuversicht! 
Du hast versprochen, mich zu retten; mein Gott, verlass mich nicht!
Befrei mich aus der Faust der bösen Tyrannen ohne Tugend! 
Du, HERR, sei meine Zuversicht und die Hoffnung meiner Jugend. 
Im Alter, HERR, verlass mich nicht, denn meine Feinde brüsten sich, 
dass du mich nicht beschützen würdest; mein Gott, verlass mich nicht! 
So wandle ich in deiner Kraft, HERR, lobpreise deine Werke. 
Du zeigtest mir von Jugend auf deine große Macht und Stärke. 
Die Lippen dessen jubeln auf, der über deine Liebe spricht, HERR,  
über deine große Gnade; mein Gott, verlass mich nicht!