LEAVE THIS LINE HERE
67
Als Jakob aus Ägypten zog
Als Jakob aus Ägypten zog und floh durchs Wüstenland,
als Jakobs Gott aus fremdem Joch in Freiheit ihn gesandt,
ward Juda Gottes Heiligtum und Jakobs Haus sein Reich.
Der Jordan wich, das Meer entfloh, Israel wurde froh.
Die Berge hüpften wie ein Lamm, die Hügel wie ein Schaf;
die Erde bebte vor der Macht, die Erd’ und All entwarf.
Wo Felsen war’n, brach Wasser aus und Quellen aus Gestein
bezeugten Gottes Wunderkraft, Israel wurde sein.
Ihr Berge, warum hüpft ihr auf wie Lämmer jung und frei?
O Erde, warum zitterst du wie Espenlaub und Spreu?
Habt heil’ge Ehrfurcht vor dem HERRN, der mächt’ge Wunder wirkt,
der Wasser aus Gesteinen zeugt, von dem ihr ewig trinkt.