LEAVE THIS LINE HERE
41
Du Hirte über Israel
Du Hirte über Israel, erhöre unser Flehn! 
Der du die Kinder Josefs nährst wie Schafe auf den Höhn. 
Du thronst, Herr, über Cherubim, erscheinst in deiner Pracht. 
Zeig uns dein strahlend Angesicht, den Feinden deine Macht. 
Willst du dein Antlitz Ephraim und Benjamin entziehn? 
Manasse hofft auf deine Kraft, statt vor dem Feind zu fliehn. 
Gedenke, Herr, des Abraham und denk an deinen Bund. 
Ist uns dein Antlitz zugetan, dann werden wir gesund. 
Herr, Gott der Heerscharn, regt sich denn dein heil’ger Zorn nie mehr? 
Zieh deine Waffenrüstung an und führ dein himmlisch’ Heer! 
Wenn wir, dein Volk, in Einigkeit das Heil von dir erflehn, 
dann lasse uns die Sünden nach, lass deine Gnad’ ergehn.!