LEAVE THIS LINE HERE
63
Lob den HERRN und dank ihm
Lob den HERRN und dank ihm, meine Seel; du mein Herz, preis seinen Nam’n;
und vergiss nie, was der gnäd’ge Gott dir Gutes hat getan!
Er, der deine Sündenschuld vergibt und von Krankheit dich befreit,
der dich von dem ew’gen Tod erlöst, krönt dich mit Barmherzigkeit.
Lob den HERRN, der voller Gnade ist, voll Erbarmen und Geduld!
Er vergilt nicht nach der Missetat und nicht nach unsrer Schuld.
Größer als der Himmel über uns ist die Gnade, die Gott übt,
wenn ein Sünder sich in Gottesfurcht und mit Reue ihm ergibt.
Lob den HERRN, der unsre Schuld getilgt; er wäscht uns von Sünde rein;
wie der Morgen fern vom Abend ist, so muss sie ferne sein.
Wie ein Vater sich des Sohns erbarmt, nimmt der HERR sich unser an;
denn er weiß, wie schwach wir Menschen sind; ja er denket stets daran.
Lob den HERRN, der unser Schöpfer ist, der uns führt, der uns erhält;
denn der Mensch lebt kurz nur wie das Gras und Blumen auf dem Feld.
Aber ewig währt das Gnadenmeer dem, der gottesfürchtig ist
und die göttlichen Gebote hält, weil der HERR ihn nie vergisst.