LEAVE THIS LINE HERE
51
Gut ist es, dir Lob zu singen
Gut ist es, dir Lob zu singen und zu danken, HERR der Höhn,
wenn du, liebevoll und gütig, täglich lässt die Sonn’ aufgehn.
Gut ist’s, deine Treu’ zu preisen, wenn die Dunkelheit einkehrt,
und mit Liedern voller Wohlklang man anbetend dich verehrt.
Du erfülltest mich mit Freude durch all das, was du gemacht.
Ruhmreich leb ich dank des Großen, das getan du und gedacht.
Ewig lenkst in Himmelshöhen du, o HERR, mit starker Hand,
deine Feinde all vergehen und die Sünden sind verbannt.
Bei dir wohnen dann die Treuen, wo, durch deine Gunst genährt,
immergrüne Bäume wachsen, von der Früchte Last beschwert.
Zeige gnädig deinen Kindern, HERR, deine Gerechtigkeit,
Fels der Zuflucht und der Stärke, deine Treu’ währt allezeit.