LEAVE THIS LINE HERE
70
Danket dem HERRN, der freundlich ist
Danket dem HERRN, der freundlich ist; er ist immer gut.
Nie seine Liebe er vergisst; sein Erbarmen niemals ruht.
Israel soll Gott Achtung zolln, weil seine Gnade mächtig ist,
und Aarons Haus soll wiederholn, wie groß seine Güte ist.
In meiner Angst rief ich zum HERRN; er erhörte mich.
Gott, unser HERR, ist niemals fern, darum fürchte ich mich nicht.
Besser ist es, auf Gott zu baun, der uns behütet und bewacht,
als einem Menschen zu vertraun, einem Fürsten ohne Macht.
Stürmen auch alle Heiden an, fürcht ich mich doch nicht.
Sie müssen fallen, Mann für Mann; Gott verlässt die Seinen nicht.
Wie lauter Bienen schwärmt der Feind, er muss erlöschen wie ein Brand.
Wenn er zunächst zu siegen scheint, so hilft mir doch Gottes Hand.
Dies ist der Tag, den Gott gemacht; lasst uns fröhlich sein!
Aus tiefer Kehle singt und lacht! Ihr Gerechten, stimmt jetzt ein!
Danket dem HERRN, denn er ist gut und seine Liebe ewig währt!
Singt: „Sein Erbarmen niemals ruht!“, dass ganz Israel es hört.