LEAVE THIS LINE HERE
79
Dankt dem HERRN
Dankt dem HERRN! Dankt unserm Gott! Dankt unserm HERRN, Gott Zebaoth!
Denn er tat Werke, so hehr, er schuf den Erdkreis und das Meer.
Danket dem HERRN, denn er ist gut, er, der allein Wunder vollbringt;
dessen Erbarmen nie versagt, ist gütig ohne End’.
Dankt dem HERRN! Er hat gemacht Lichter sowohl für Tag und Nacht.
Für die Nacht Sterne und Mond, während am Tag die Sonne thront.
Danket dem HERRN, denn er ist gut, er, der allein Wunder vollbringt;
dessen Erbarmen nie versagt, ist gütig ohne End’.
Dankt dem HERRN! Nur seine Hand bracht’ Israel aus fremdem Land,
schlug den Feind, gab Jakobs Heer sichres Geleit durchs Rote Meer.
Danket dem HERRN, denn er ist gut, er, der allein Wunder vollbringt;
dessen Erbarmen nie versagt, ist gütig ohne End’.
Dankt dem HERRN! Denn er allein konnt’ Israels Erlöser sein.
Jakobs Feind stürzte ins Meer; Könige fielen und ihr Heer.
Danket dem HERRN, denn er ist gut, er, der allein Wunder vollbringt;
dessen Erbarmen nie versagt, ist gütig ohne End’.  

