LEAVE THIS LINE HERE
49
Herrlich ist es, Gott zu danken
Ja, herrlich ist es, Gott zu danken,  wenn man ihm ein Loblied singt; 
wenn jeden Tag man seine Gnad’ und  nächtens seine Treu’ verkünd’t. 
Singt zu den Harfen Gottes Lob, jubelt zum schönen Saitenklang. 
Wie fröhlich machen Gottes Taten! Wunderbar sein Werk gelang!
Wie tief ist sein Gedankenmeer! Wie leuchtet hoch sein Morgenstern! 
Die Toren fassen’s nicht, der Narr vertut’s: zu groß das Wort des HERRN. 
Gottlose blühen auf wie Mohn, fett lacht der Frevler und gedeiht. 
Kurz prangen sie, ja, kurze Zeit, doch Gott regiert in Ewigkeit.
Sieh die Gerechten: Himmelhoch ihr Wuchs! Im HERRN ist ihr Gedeihn! 
Gleich einem Ölbaum werden sie voll Frucht in seinen Höfen sein. 
Sie werden blühen reich und lang, und ihre Früchte halten stand. 
Ja, Gott macht uns gerecht und heil, sein Reich ist das Gelobte Land!