LEAVE THIS LINE HERE
68
Nicht uns, o HERR
Nicht uns, o HERR, nicht uns, o HERR, deinem Namen gib die Ehr’;
Gnad’ und Wahrheit schenkest du, dir steht Ehre zu!
Allen, die dir vertraun und auf deinen Namen baun,
gibst du Schutz ihr Leben lang; dir gebührt der Dank!
Nur Gott, der hoch im Himmel wohnt, er, der über allem thront,
ist’s, dem Israel vertraut und auf den es baut.
Heidenvolk spricht mit Spott: Wo ist nun ihr Helfer Gott?
Schütz dein Volk sein Leben lang; dir gebührt der Dank!
Die Götzen, selbst in goldner Pracht, sind von Menschenhand gemacht.
Sie sind taub und stumm und blind, ohne Macht sie sind.
Gott regiert, herrscht im All und gibt uns den Erdenball,
schützt uns unser Leben lang; ihm gebührt der Dank!