hymn,slide
1,5
2,19
3,33
4,47
5,65
6,73
7,87
8,101
9,115
10,129
11,139
12,153
13,163
14,175
15,197
16,209
17,223
18,237
19,251
20,265
21,279
22,297
23,307
24,321
25,335
26,345
27,359
28,369
29,383
30,397
31,411
32,429
33,443
34,457
35,471
36,482
37,504
38,518
39,532
40,546
41,566
42,580
43,598
44,612
45,626
46,640
47,648
48,659
49,669
50,683
51,697
52,711
53,725
54,739
55,747
56,765
57,783
58,797
59,807
60,821
61,839
62,853
63,863
64,881
65,898
66,912
67,923
68,937
69,951
70,965
71,983
72,993
73,1001
74,1019
75,1033
76,1043
77,1057
78,1067
79,1081
80,1099
81,1113
82,1123
83,1133
84,1143
85,1157
86,1175
87,1189
88,1203
89,1217
90,1231
91,1249
92,1259
93,1273
94,1285
95,1299
96,1310
97,1328
98,1346
99,1360
100,1370
101,1378
102,1392
103,1406
104,1420
105,1438
106,1464
107,1482
108,1492
109,1506
110,1524
111,1544
112,1562
113,1576
114,1590
115,1598
116,1622
117,1642
118,1656
119,1670
120,1688
121,1696
122,1710
123,1724
124,1742
125,1752
126,1763
127,1777
128,1787
129,1801
130,1835
131,1861
132,1879
133,1905
134,1923
135,1941
136,1963
137,1981
138,1995
139,2013
140,2027
141,2041
142,2051
143,2069
144,2083
145,2097
146,2111
147,2129
148,2155
149,2165
150,2183
151,2203
152,2217
153,2231
154,2257
155,2267
156,2277
157,2303
158,2323
159,2337
160,2351
161,2377
162,2391
163,2405
164,2431
165,2442
166,2468
167,2479
168,2493
169,2511
170,2525
171,2543
172,2563
173,2577
174,2588
175,2608
176,2633
177,2653
178,2671
179,2688
180,2696
181,2706
182,2723
183,2737
184,2755
185,2769
186,2789
187,2803
188,2817
189,2831
190,2850
191,2860
